"","Grid"
"223",17141
"241",17159
"242",17160
"255",17173
"257",17175
"258",17176
"259",17177
"260",17178
"261",17179
"528",17559
"529",17560
"530",17561
"531",17562
"538",17569
"539",17570
"540",17571
"541",17572
"542",17573
"543",17574
"544",17575
"545",17576
"546",17577
"547",17578
"548",17579
"549",17580
"550",17581
"560",17591
"561",17592
"562",17593
"574",17605
"576",17607
"841",17985
"842",17986
"843",17987
"844",17988
"845",17989
"846",17990
"847",17991
"848",17992
"849",17993
"850",17994
"851",17995
"852",17996
"853",17997
"854",17998
"856",18000
"857",18001
"858",18002
"859",18003
"860",18004
"861",18005
"862",18006
"863",18007
"864",18008
"865",18009
"866",18010
"867",18011
"868",18012
"869",18013
"870",18014
"871",18015
"874",18018
"880",18024
"881",18025
"885",18029
"886",18030
"895",18039
"896",18040
"897",18041
"898",18042
"899",18043
"1159",18416
"1160",18417
"1161",18418
"1162",18419
"1163",18420
"1164",18421
"1165",18422
"1166",18423
"1167",18424
"1168",18425
"1169",18426
"1170",18427
"1171",18428
"1172",18429
"1173",18430
"1174",18431
"1175",18432
"1176",18433
"1177",18434
"1178",18435
"1179",18436
"1180",18437
"1181",18438
"1182",18439
"1183",18440
"1184",18441
"1185",18442
"1186",18443
"1187",18444
"1188",18445
"1189",18446
"1190",18447
"1192",18449
"1193",18450
"1194",18451
"1195",18452
"1196",18453
"1197",18454
"1198",18455
"1199",18456
"1200",18457
"1203",18460
"1204",18461
"1205",18462
"1206",18463
"1207",18464
"1208",18465
"1214",18471
"1215",18472
"1216",18473
"1217",18474
"1218",18475
"1219",18476
"1278",18648
"1279",18649
"1280",18650
"1477",18847
"1478",18848
"1479",18849
"1480",18850
"1481",18851
"1482",18852
"1483",18853
"1484",18854
"1485",18855
"1486",18856
"1487",18857
"1488",18858
"1489",18859
"1490",18860
"1491",18861
"1492",18862
"1493",18863
"1494",18864
"1495",18865
"1496",18866
"1497",18867
"1498",18868
"1499",18869
"1500",18870
"1501",18871
"1502",18872
"1503",18873
"1504",18874
"1505",18875
"1506",18876
"1507",18877
"1508",18878
"1509",18879
"1510",18880
"1511",18881
"1512",18882
"1513",18883
"1514",18884
"1515",18885
"1516",18886
"1517",18887
"1518",18888
"1527",18897
"1528",18898
"1529",18899
"1530",18900
"1535",18905
"1536",18906
"1538",18908
"1597",19080
"1598",19081
"1796",19279
"1797",19280
"1798",19281
"1799",19282
"1800",19283
"1806",19289
"1807",19290
"1808",19291
"1809",19292
"1810",19293
"1811",19294
"1812",19295
"1814",19297
"1815",19298
"1816",19299
"1817",19300
"1818",19301
"1819",19302
"1820",19303
"1821",19304
"1822",19305
"1823",19306
"1824",19307
"1825",19308
"1826",19309
"1827",19310
"1828",19311
"1829",19312
"1832",19315
"1833",19316
"1834",19317
"1835",19318
"1836",19319
"1837",19320
"1838",19321
"1844",19327
"1845",19328
"1846",19329
"1847",19330
"1848",19331
"1849",19332
"1850",19333
"1855",19338
"1858",19341
"1859",19342
"1860",19343
"1861",19344
"1862",19345
"1874",19357
"1917",19513
"2116",19712
"2117",19713
"2125",19721
"2126",19722
"2127",19723
"2128",19724
"2129",19725
"2130",19726
"2134",19730
"2135",19731
"2136",19732
"2137",19733
"2138",19734
"2139",19735
"2140",19736
"2141",19737
"2142",19738
"2143",19739
"2144",19740
"2145",19741
"2146",19742
"2147",19743
"2148",19744
"2150",19746
"2151",19747
"2152",19748
"2153",19749
"2154",19750
"2163",19759
"2164",19760
"2165",19761
"2166",19762
"2167",19763
"2168",19764
"2169",19765
"2170",19766
"2171",19767
"2172",19768
"2173",19769
"2174",19770
"2175",19771
"2176",19772
"2178",19774
"2179",19775
"2180",19776
"2181",19777
"2182",19778
"2183",19779
"2184",19780
"2185",19781
"2186",19782
"2187",19783
"2188",19784
"2189",19785
"2190",19786
"2191",19787
"2192",19788
"2193",19789
"2194",19790
"2195",19791
"2234",19943
"2243",19952
"2249",19958
"2250",19959
"2440",20149
"2441",20150
"2442",20151
"2443",20152
"2444",20153
"2445",20154
"2446",20155
"2447",20156
"2448",20157
"2449",20158
"2453",20162
"2454",20163
"2455",20164
"2456",20165
"2457",20166
"2458",20167
"2459",20168
"2460",20169
"2461",20170
"2462",20171
"2463",20172
"2464",20173
"2465",20174
"2466",20175
"2467",20176
"2468",20177
"2469",20178
"2470",20179
"2471",20180
"2472",20181
"2473",20182
"2479",20188
"2480",20189
"2481",20190
"2482",20191
"2483",20192
"2484",20193
"2485",20194
"2486",20195
"2487",20196
"2488",20197
"2489",20198
"2490",20199
"2491",20200
"2492",20201
"2493",20202
"2495",20204
"2496",20205
"2497",20206
"2498",20207
"2499",20208
"2500",20209
"2501",20210
"2502",20211
"2503",20212
"2504",20213
"2505",20214
"2506",20215
"2507",20216
"2508",20217
"2509",20218
"2510",20219
"2511",20220
"2512",20221
"2513",20222
"2514",20223
"2515",20224
"2516",20225
"2554",20376
"2555",20377
"2557",20379
"2558",20380
"2559",20381
"2563",20385
"2564",20386
"2565",20387
"2568",20390
"2569",20391
"2760",20582
"2761",20583
"2762",20584
"2763",20585
"2764",20586
"2765",20587
"2766",20588
"2767",20589
"2768",20590
"2769",20591
"2770",20592
"2771",20593
"2772",20594
"2773",20595
"2774",20596
"2775",20597
"2776",20598
"2777",20599
"2778",20600
"2779",20601
"2783",20605
"2784",20606
"2785",20607
"2786",20608
"2787",20609
"2789",20611
"2790",20612
"2791",20613
"2792",20614
"2808",20630
"2809",20631
"2812",20634
"2813",20635
"2814",20636
"2815",20637
"2816",20638
"2817",20639
"2818",20640
"2819",20641
"2820",20642
"2821",20643
"2822",20644
"2823",20645
"2824",20646
"2825",20647
"2826",20648
"2827",20649
"2828",20650
"2829",20651
"2830",20652
"2831",20653
"2832",20654
"2833",20655
"2834",20656
"2873",20808
"2874",20809
"2875",20810
"2876",20811
"2877",20812
"2878",20813
"2879",20814
"2880",20815
"2881",20816
"2882",20817
"2883",20818
"2887",20822
"2888",20823
"2889",20824
"3080",21015
"3081",21016
"3082",21017
"3083",21018
"3084",21019
"3085",21020
"3086",21021
"3087",21022
"3088",21023
"3089",21024
"3090",21025
"3091",21026
"3092",21027
"3093",21028
"3094",21029
"3095",21030
"3096",21031
"3097",21032
"3098",21033
"3099",21034
"3103",21038
"3106",21041
"3107",21042
"3123",21058
"3124",21059
"3125",21060
"3126",21061
"3127",21062
"3128",21063
"3129",21064
"3130",21065
"3132",21067
"3133",21068
"3134",21069
"3135",21070
"3136",21071
"3137",21072
"3138",21073
"3139",21074
"3140",21075
"3141",21076
"3142",21077
"3143",21078
"3144",21079
"3145",21080
"3146",21081
"3147",21082
"3148",21083
"3149",21084
"3150",21085
"3151",21086
"3152",21087
"3153",21088
"3193",21241
"3194",21242
"3195",21243
"3196",21244
"3197",21245
"3198",21246
"3199",21247
"3200",21248
"3201",21249
"3202",21250
"3203",21251
"3204",21252
"3205",21253
"3206",21254
"3207",21255
"3208",21256
"3209",21257
"3400",21448
"3401",21449
"3402",21450
"3403",21451
"3404",21452
"3405",21453
"3406",21454
"3407",21455
"3408",21456
"3409",21457
"3410",21458
"3411",21459
"3412",21460
"3413",21461
"3414",21462
"3415",21463
"3416",21464
"3417",21465
"3418",21466
"3436",21484
"3437",21485
"3438",21486
"3439",21487
"3440",21488
"3441",21489
"3442",21490
"3443",21491
"3444",21492
"3445",21493
"3446",21494
"3447",21495
"3448",21496
"3449",21497
"3450",21498
"3451",21499
"3452",21500
"3453",21501
"3454",21502
"3455",21503
"3456",21504
"3457",21505
"3458",21506
"3459",21507
"3460",21508
"3461",21509
"3462",21510
"3463",21511
"3464",21512
"3465",21513
"3466",21514
"3467",21515
"3468",21516
"3469",21517
"3470",21518
"3471",21519
"3512",21673
"3513",21674
"3514",21675
"3515",21676
"3516",21677
"3517",21678
"3518",21679
"3519",21680
"3520",21681
"3521",21682
"3522",21683
"3523",21684
"3524",21685
"3525",21686
"3526",21687
"3710",21871
"3711",21872
"3721",21882
"3722",21883
"3723",21884
"3724",21885
"3725",21886
"3726",21887
"3727",21888
"3728",21889
"3729",21890
"3730",21891
"3731",21892
"3732",21893
"3733",21894
"3734",21895
"3735",21896
"3737",21898
"3751",21912
"3752",21913
"3753",21914
"3754",21915
"3755",21916
"3756",21917
"3758",21919
"3759",21920
"3760",21921
"3761",21922
"3762",21923
"3763",21924
"3764",21925
"3765",21926
"3766",21927
"3767",21928
"3768",21929
"3769",21930
"3770",21931
"3771",21932
"3772",21933
"3773",21934
"3774",21935
"3775",21936
"3776",21937
"3777",21938
"3778",21939
"3779",21940
"3780",21941
"3781",21942
"3782",21943
"3783",21944
"3784",21945
"3785",21946
"3786",21947
"3787",21948
"3830",22104
"3831",22105
"3832",22106
"3833",22107
"3834",22108
"3835",22109
"3836",22110
"3837",22111
"3838",22112
"3839",22113
"3840",22114
"3842",22116
"3843",22117
"3844",22118
"3845",22119
"4031",22305
"4032",22306
"4033",22307
"4034",22308
"4038",22312
"4039",22313
"4040",22314
"4041",22315
"4042",22316
"4043",22317
"4044",22318
"4045",22319
"4046",22320
"4047",22321
"4048",22322
"4049",22323
"4050",22324
"4051",22325
"4052",22326
"4067",22341
"4068",22342
"4069",22343
"4070",22344
"4072",22346
"4073",22347
"4077",22351
"4078",22352
"4080",22354
"4081",22355
"4082",22356
"4083",22357
"4084",22358
"4085",22359
"4086",22360
"4087",22361
"4088",22362
"4089",22363
"4090",22364
"4091",22365
"4092",22366
"4093",22367
"4094",22368
"4095",22369
"4096",22370
"4097",22371
"4098",22372
"4099",22373
"4100",22374
"4101",22375
"4102",22376
"4103",22377
"4150",22537
"4151",22538
"4152",22539
"4153",22540
"4154",22541
"4155",22542
"4156",22543
"4157",22544
"4158",22545
"4159",22546
"4162",22549
"4163",22550
"4164",22551
"4350",22737
"4351",22738
"4352",22739
"4358",22745
"4360",22747
"4361",22748
"4362",22749
"4363",22750
"4364",22751
"4365",22752
"4366",22753
"4367",22754
"4368",22755
"4369",22756
"4370",22757
"4371",22758
"4372",22759
"4384",22771
"4385",22772
"4386",22773
"4387",22774
"4388",22775
"4389",22776
"4390",22777
"4391",22778
"4392",22779
"4393",22780
"4394",22781
"4395",22782
"4396",22783
"4397",22784
"4398",22785
"4399",22786
"4400",22787
"4401",22788
"4402",22789
"4403",22790
"4404",22791
"4405",22792
"4406",22793
"4407",22794
"4410",22797
"4411",22798
"4412",22799
"4413",22800
"4414",22801
"4415",22802
"4416",22803
"4417",22804
"4418",22805
"4419",22806
"4420",22807
"4469",22969
"4470",22970
"4471",22971
"4472",22972
"4474",22974
"4475",22975
"4476",22976
"4477",22977
"4478",22978
"4479",22979
"4480",22980
"4481",22981
"4483",22983
"4678",23178
"4681",23181
"4682",23182
"4683",23183
"4684",23184
"4685",23185
"4686",23186
"4687",23187
"4688",23188
"4689",23189
"4690",23190
"4691",23191
"4704",23204
"4705",23205
"4706",23206
"4707",23207
"4708",23208
"4709",23209
"4710",23210
"4711",23211
"4712",23212
"4713",23213
"4714",23214
"4715",23215
"4716",23216
"4717",23217
"4718",23218
"4720",23220
"4721",23221
"4722",23222
"4723",23223
"4724",23224
"4725",23225
"4726",23226
"4727",23227
"4733",23233
"4734",23234
"4735",23235
"4736",23236
"4737",23237
"4738",23238
"4789",23402
"4790",23403
"4791",23404
"4792",23405
"4793",23406
"4794",23407
"4795",23408
"4796",23409
"4797",23410
"4798",23411
"4799",23412
"4800",23413
"4801",23414
"4997",23610
"4998",23611
"4999",23612
"5003",23616
"5004",23617
"5005",23618
"5006",23619
"5007",23620
"5008",23621
"5009",23622
"5010",23623
"5012",23625
"5013",23626
"5016",23629
"5024",23637
"5025",23638
"5026",23639
"5027",23640
"5028",23641
"5029",23642
"5030",23643
"5033",23646
"5034",23647
"5035",23648
"5038",23651
"5039",23652
"5040",23653
"5041",23654
"5042",23655
"5043",23656
"5044",23657
"5045",23658
"5046",23659
"5047",23660
"5048",23661
"5055",23668
"5056",23669
"5057",23670
"5109",23835
"5110",23836
"5111",23837
"5112",23838
"5113",23839
"5114",23840
"5115",23841
"5116",23842
"5117",23843
"5118",23844
"5119",23845
"5120",23846
"5121",23847
"5124",23850
"5309",24035
"5316",24042
"5319",24045
"5324",24050
"5325",24051
"5326",24052
"5327",24053
"5328",24054
"5329",24055
"5330",24056
"5331",24057
"5333",24059
"5334",24060
"5335",24061
"5346",24072
"5347",24073
"5348",24074
"5349",24075
"5350",24076
"5351",24077
"5359",24085
"5360",24086
"5361",24087
"5362",24088
"5363",24089
"5364",24090
"5365",24091
"5366",24092
"5367",24093
"5368",24094
"5369",24095
"5428",24267
"5429",24268
"5430",24269
"5431",24270
"5432",24271
"5433",24272
"5434",24273
"5436",24275
"5437",24276
"5438",24277
"5439",24278
"5440",24279
"5442",24281
"5636",24475
"5637",24476
"5638",24477
"5641",24480
"5642",24481
"5644",24483
"5645",24484
"5646",24485
"5647",24486
"5648",24487
"5649",24488
"5650",24489
"5651",24490
"5652",24491
"5653",24492
"5655",24494
"5682",24521
"5684",24523
"5747",24699
"5748",24700
"5749",24701
"5750",24702
"5751",24703
"5752",24704
"5753",24705
"5755",24707
"5756",24708
"5757",24709
"5758",24710
"5759",24711
"5760",24712
"5761",24713
"5762",24714
"5936",24888
"5939",24891
"5940",24892
"5941",24893
"5952",24904
"5953",24905
"5954",24906
"5955",24907
"5956",24908
"5957",24909
"5958",24910
"5961",24913
"5962",24914
"5963",24915
"5964",24916
"5965",24917
"5966",24918
"5967",24919
"5969",24921
"5970",24922
"5971",24923
"5972",24924
"5974",24926
"6066",25131
"6067",25132
"6068",25133
"6069",25134
"6070",25135
"6071",25136
"6075",25140
"6076",25141
"6077",25142
"6078",25143
"6079",25144
"6081",25146
"6082",25147
"6216",25281
"6255",25320
"6256",25321
"6257",25322
"6258",25323
"6259",25324
"6260",25325
"6261",25326
"6262",25327
"6268",25333
"6270",25335
"6271",25336
"6272",25337
"6273",25338
"6274",25339
"6275",25340
"6276",25341
"6277",25342
"6278",25343
"6279",25344
"6280",25345
"6281",25346
"6282",25347
"6283",25348
"6284",25349
"6285",25350
"6286",25351
"6291",25356
"6292",25357
"6293",25358
"6387",25565
"6388",25566
"6389",25567
"6390",25568
"6391",25569
"6392",25570
"6398",25576
"6399",25577
"6400",25578
"6401",25579
"6532",25710
"6533",25711
"6534",25712
"6535",25713
"6538",25716
"6571",25749
"6572",25750
"6573",25751
"6574",25752
"6575",25753
"6576",25754
"6577",25755
"6578",25756
"6579",25757
"6580",25758
"6581",25759
"6588",25766
"6590",25768
"6591",25769
"6592",25770
"6593",25771
"6594",25772
"6595",25773
"6596",25774
"6597",25775
"6598",25776
"6599",25777
"6600",25778
"6601",25779
"6602",25780
"6603",25781
"6604",25782
"6605",25783
"6606",25784
"6608",25786
"6612",25790
"6613",25791
"6706",25997
"6707",25998
"6708",25999
"6709",26000
"6710",26001
"6711",26002
"6712",26003
"6713",26004
"6714",26005
"6717",26008
"6718",26009
"6720",26011
"6847",26138
"6848",26139
"6849",26140
"6850",26141
"6851",26142
"6852",26143
"6853",26144
"6854",26145
"6855",26146
"6856",26147
"6857",26148
"6891",26182
"6892",26183
"6893",26184
"6894",26185
"6895",26186
"6896",26187
"6897",26188
"6898",26189
"6899",26190
"6900",26191
"6901",26192
"6908",26199
"6909",26200
"6910",26201
"6911",26202
"6912",26203
"6913",26204
"6914",26205
"6915",26206
"6916",26207
"6918",26209
"6919",26210
"6920",26211
"6921",26212
"6923",26214
"6924",26215
"6925",26216
"6926",26217
"6927",26218
"6929",26220
"6930",26221
"6931",26222
"6932",26223
"6933",26224
"6934",26225
"6935",26226
"7026",26430
"7027",26431
"7028",26432
"7029",26433
"7030",26434
"7031",26435
"7032",26436
"7033",26437
"7034",26438
"7035",26439
"7036",26440
"7037",26441
"7038",26442
"7040",26444
"7161",26565
"7164",26568
"7165",26569
"7166",26570
"7167",26571
"7168",26572
"7169",26573
"7170",26574
"7171",26575
"7172",26576
"7173",26577
"7174",26578
"7175",26579
"7176",26580
"7177",26581
"7178",26582
"7191",26595
"7192",26596
"7193",26597
"7209",26613
"7210",26614
"7211",26615
"7212",26616
"7213",26617
"7214",26618
"7215",26619
"7216",26620
"7217",26621
"7218",26622
"7219",26623
"7222",26626
"7228",26632
"7229",26633
"7230",26634
"7231",26635
"7232",26636
"7233",26637
"7234",26638
"7235",26639
"7237",26641
"7238",26642
"7239",26643
"7240",26644
"7241",26645
"7242",26646
"7243",26647
"7244",26648
"7245",26649
"7246",26650
"7247",26651
"7248",26652
"7249",26653
"7250",26654
"7251",26655
"7252",26656
"7253",26657
"7254",26658
"7255",26659
"7344",26861
"7345",26862
"7348",26865
"7349",26866
"7350",26867
"7351",26868
"7352",26869
"7354",26871
"7355",26872
"7356",26873
"7358",26875
"7359",26876
"7360",26877
"7361",26878
"7478",26995
"7479",26996
"7480",26997
"7481",26998
"7482",26999
"7483",27000
"7484",27001
"7485",27002
"7486",27003
"7487",27004
"7488",27005
"7489",27006
"7490",27007
"7491",27008
"7492",27009
"7493",27010
"7494",27011
"7495",27012
"7496",27013
"7497",27014
"7498",27015
"7499",27016
"7500",27017
"7501",27018
"7502",27019
"7508",27025
"7509",27026
"7510",27027
"7511",27028
"7512",27029
"7513",27030
"7514",27031
"7515",27032
"7516",27033
"7525",27042
"7528",27045
"7529",27046
"7530",27047
"7531",27048
"7532",27049
"7533",27050
"7534",27051
"7535",27052
"7536",27053
"7537",27054
"7538",27055
"7539",27056
"7542",27059
"7546",27063
"7547",27064
"7548",27065
"7549",27066
"7551",27068
"7552",27069
"7553",27070
"7554",27071
"7555",27072
"7556",27073
"7557",27074
"7558",27075
"7559",27076
"7560",27077
"7561",27078
"7562",27079
"7563",27080
"7565",27082
"7567",27084
"7568",27085
"7569",27086
"7570",27087
"7571",27088
"7572",27089
"7573",27090
"7574",27091
"7575",27092
"7664",27294
"7668",27298
"7669",27299
"7673",27303
"7674",27304
"7675",27305
"7676",27306
"7678",27308
"7679",27309
"7680",27310
"7681",27311
"7794",27424
"7795",27425
"7796",27426
"7797",27427
"7798",27428
"7799",27429
"7800",27430
"7801",27431
"7802",27432
"7803",27433
"7804",27434
"7805",27435
"7806",27436
"7807",27437
"7808",27438
"7809",27439
"7810",27440
"7811",27441
"7812",27442
"7813",27443
"7814",27444
"7815",27445
"7816",27446
"7817",27447
"7818",27448
"7819",27449
"7820",27450
"7821",27451
"7822",27452
"7823",27453
"7824",27454
"7827",27457
"7828",27458
"7829",27459
"7830",27460
"7831",27461
"7832",27462
"7833",27463
"7834",27464
"7835",27465
"7836",27466
"7837",27467
"7838",27468
"7839",27469
"7841",27471
"7842",27472
"7843",27473
"7844",27474
"7845",27475
"7846",27476
"7847",27477
"7848",27478
"7849",27479
"7850",27480
"7851",27481
"7852",27482
"7853",27483
"7854",27484
"7855",27485
"7856",27486
"7857",27487
"7858",27488
"7859",27489
"7860",27490
"7861",27491
"7862",27492
"7867",27497
"7868",27498
"7870",27500
"7871",27501
"7872",27502
"7873",27503
"7874",27504
"7875",27505
"7876",27506
"7877",27507
"7878",27508
"7879",27509
"7880",27510
"7881",27511
"7882",27512
"7883",27513
"7885",27515
"7886",27516
"7887",27517
"7888",27518
"7889",27519
"7890",27520
"7891",27521
"7892",27522
"7893",27523
"7894",27524
"7895",27525
"7984",27727
"7987",27730
"7988",27731
"7989",27732
"7990",27733
"7993",27736
"7994",27737
"7995",27738
"7996",27739
"7997",27740
"7998",27741
"7999",27742
"8000",27743
"8112",27855
"8113",27856
"8114",27857
"8115",27858
"8116",27859
"8117",27860
"8118",27861
"8119",27862
"8120",27863
"8121",27864
"8122",27865
"8123",27866
"8124",27867
"8125",27868
"8126",27869
"8127",27870
"8128",27871
"8129",27872
"8130",27873
"8131",27874
"8132",27875
"8133",27876
"8134",27877
"8135",27878
"8136",27879
"8137",27880
"8138",27881
"8139",27882
"8140",27883
"8141",27884
"8142",27885
"8143",27886
"8144",27887
"8145",27888
"8146",27889
"8147",27890
"8148",27891
"8149",27892
"8150",27893
"8151",27894
"8152",27895
"8153",27896
"8155",27898
"8156",27899
"8157",27900
"8158",27901
"8160",27903
"8161",27904
"8162",27905
"8163",27906
"8164",27907
"8165",27908
"8166",27909
"8167",27910
"8168",27911
"8169",27912
"8170",27913
"8171",27914
"8172",27915
"8173",27916
"8174",27917
"8175",27918
"8176",27919
"8177",27920
"8178",27921
"8179",27922
"8187",27930
"8188",27931
"8192",27935
"8193",27936
"8195",27938
"8196",27939
"8197",27940
"8198",27941
"8199",27942
"8200",27943
"8201",27944
"8202",27945
"8203",27946
"8204",27947
"8205",27948
"8206",27949
"8207",27950
"8208",27951
"8209",27952
"8210",27953
"8211",27954
"8212",27955
"8213",27956
"8214",27957
"8304",28160
"8307",28163
"8312",28168
"8313",28169
"8314",28170
"8315",28171
"8316",28172
"8317",28173
"8319",28175
"8320",28176
"8321",28177
"8322",28178
"8430",28286
"8431",28287
"8432",28288
"8433",28289
"8434",28290
"8435",28291
"8436",28292
"8437",28293
"8438",28294
"8439",28295
"8440",28296
"8441",28297
"8442",28298
"8443",28299
"8444",28300
"8445",28301
"8446",28302
"8447",28303
"8448",28304
"8449",28305
"8450",28306
"8451",28307
"8452",28308
"8453",28309
"8454",28310
"8455",28311
"8456",28312
"8457",28313
"8458",28314
"8459",28315
"8460",28316
"8461",28317
"8462",28318
"8463",28319
"8464",28320
"8465",28321
"8466",28322
"8467",28323
"8468",28324
"8469",28325
"8470",28326
"8471",28327
"8472",28328
"8473",28329
"8474",28330
"8475",28331
"8476",28332
"8477",28333
"8478",28334
"8479",28335
"8481",28337
"8482",28338
"8483",28339
"8484",28340
"8485",28341
"8486",28342
"8487",28343
"8488",28344
"8489",28345
"8490",28346
"8491",28347
"8492",28348
"8493",28349
"8494",28350
"8495",28351
"8496",28352
"8497",28353
"8498",28354
"8502",28358
"8511",28367
"8512",28368
"8514",28370
"8515",28371
"8516",28372
"8517",28373
"8518",28374
"8519",28375
"8520",28376
"8521",28377
"8522",28378
"8523",28379
"8524",28380
"8525",28381
"8526",28382
"8527",28383
"8528",28384
"8529",28385
"8530",28386
"8531",28387
"8532",28388
"8533",28389
"8623",28592
"8624",28593
"8627",28596
"8632",28601
"8633",28602
"8634",28603
"8635",28604
"8636",28605
"8637",28606
"8638",28607
"8639",28608
"8640",28609
"8641",28610
"8746",28715
"8747",28716
"8748",28717
"8749",28718
"8750",28719
"8752",28721
"8753",28722
"8754",28723
"8755",28724
"8756",28725
"8757",28726
"8758",28727
"8759",28728
"8760",28729
"8761",28730
"8762",28731
"8763",28732
"8764",28733
"8765",28734
"8766",28735
"8767",28736
"8768",28737
"8769",28738
"8770",28739
"8771",28740
"8772",28741
"8773",28742
"8774",28743
"8775",28744
"8776",28745
"8777",28746
"8778",28747
"8779",28748
"8780",28749
"8781",28750
"8782",28751
"8783",28752
"8784",28753
"8785",28754
"8786",28755
"8787",28756
"8788",28757
"8789",28758
"8790",28759
"8791",28760
"8792",28761
"8793",28762
"8794",28763
"8795",28764
"8796",28765
"8797",28766
"8798",28767
"8799",28768
"8802",28771
"8803",28772
"8804",28773
"8805",28774
"8806",28775
"8807",28776
"8808",28777
"8809",28778
"8810",28779
"8811",28780
"8812",28781
"8813",28782
"8814",28783
"8815",28784
"8816",28785
"8817",28786
"8818",28787
"8822",28791
"8823",28792
"8824",28793
"8825",28794
"8826",28795
"8827",28796
"8828",28797
"8829",28798
"8830",28799
"8831",28800
"8832",28801
"8834",28803
"8835",28804
"8836",28805
"8837",28806
"8838",28807
"8839",28808
"8840",28809
"8841",28810
"8842",28811
"8843",28812
"8844",28813
"8845",28814
"8846",28815
"8847",28816
"8848",28817
"8849",28818
"8850",28819
"8851",28820
"8942",29024
"8943",29025
"8944",29026
"8951",29033
"8952",29034
"8953",29035
"8954",29036
"8955",29037
"8956",29038
"8957",29039
"8958",29040
"8959",29041
"8960",29042
"9063",29145
"9064",29146
"9065",29147
"9066",29148
"9067",29149
"9068",29150
"9069",29151
"9070",29152
"9071",29153
"9072",29154
"9073",29155
"9074",29156
"9075",29157
"9076",29158
"9077",29159
"9078",29160
"9079",29161
"9080",29162
"9081",29163
"9082",29164
"9083",29165
"9084",29166
"9085",29167
"9086",29168
"9087",29169
"9088",29170
"9089",29171
"9090",29172
"9091",29173
"9092",29174
"9093",29175
"9094",29176
"9095",29177
"9096",29178
"9097",29179
"9098",29180
"9099",29181
"9100",29182
"9101",29183
"9102",29184
"9103",29185
"9104",29186
"9105",29187
"9106",29188
"9107",29189
"9108",29190
"9109",29191
"9110",29192
"9111",29193
"9112",29194
"9113",29195
"9114",29196
"9115",29197
"9117",29199
"9118",29200
"9119",29201
"9122",29204
"9123",29205
"9124",29206
"9125",29207
"9126",29208
"9127",29209
"9128",29210
"9129",29211
"9130",29212
"9131",29213
"9132",29214
"9133",29215
"9134",29216
"9135",29217
"9136",29218
"9137",29219
"9138",29220
"9143",29225
"9144",29226
"9145",29227
"9147",29229
"9148",29230
"9149",29231
"9150",29232
"9151",29233
"9152",29234
"9153",29235
"9155",29237
"9156",29238
"9157",29239
"9158",29240
"9159",29241
"9160",29242
"9161",29243
"9162",29244
"9163",29245
"9164",29246
"9165",29247
"9166",29248
"9167",29249
"9168",29250
"9263",29458
"9272",29467
"9273",29468
"9274",29469
"9275",29470
"9276",29471
"9278",29473
"9279",29474
"9280",29475
"9381",29576
"9382",29577
"9383",29578
"9384",29579
"9385",29580
"9386",29581
"9387",29582
"9388",29583
"9389",29584
"9390",29585
"9391",29586
"9392",29587
"9393",29588
"9394",29589
"9395",29590
"9396",29591
"9397",29592
"9398",29593
"9399",29594
"9400",29595
"9401",29596
"9402",29597
"9403",29598
"9404",29599
"9405",29600
"9406",29601
"9407",29602
"9408",29603
"9409",29604
"9410",29605
"9411",29606
"9412",29607
"9413",29608
"9414",29609
"9415",29610
"9416",29611
"9417",29612
"9418",29613
"9419",29614
"9420",29615
"9421",29616
"9422",29617
"9423",29618
"9424",29619
"9425",29620
"9426",29621
"9427",29622
"9428",29623
"9429",29624
"9430",29625
"9431",29626
"9432",29627
"9433",29628
"9434",29629
"9435",29630
"9437",29632
"9438",29633
"9442",29637
"9443",29638
"9444",29639
"9445",29640
"9446",29641
"9447",29642
"9448",29643
"9449",29644
"9450",29645
"9451",29646
"9452",29647
"9453",29648
"9454",29649
"9455",29650
"9456",29651
"9457",29652
"9467",29662
"9468",29663
"9469",29664
"9470",29665
"9471",29666
"9472",29667
"9473",29668
"9474",29669
"9475",29670
"9476",29671
"9477",29672
"9478",29673
"9479",29674
"9480",29675
"9481",29676
"9482",29677
"9483",29678
"9484",29679
"9485",29680
"9486",29681
"9583",29891
"9591",29899
"9592",29900
"9593",29901
"9594",29902
"9595",29903
"9597",29905
"9598",29906
"9599",29907
"9699",30007
"9700",30008
"9701",30009
"9702",30010
"9703",30011
"9704",30012
"9705",30013
"9706",30014
"9707",30015
"9708",30016
"9709",30017
"9710",30018
"9711",30019
"9712",30020
"9713",30021
"9714",30022
"9715",30023
"9716",30024
"9717",30025
"9718",30026
"9719",30027
"9720",30028
"9721",30029
"9722",30030
"9723",30031
"9724",30032
"9725",30033
"9726",30034
"9727",30035
"9728",30036
"9729",30037
"9730",30038
"9731",30039
"9732",30040
"9733",30041
"9734",30042
"9735",30043
"9736",30044
"9737",30045
"9738",30046
"9739",30047
"9740",30048
"9741",30049
"9742",30050
"9743",30051
"9744",30052
"9745",30053
"9746",30054
"9747",30055
"9748",30056
"9749",30057
"9750",30058
"9751",30059
"9752",30060
"9753",30061
"9754",30062
"9755",30063
"9756",30064
"9757",30065
"9758",30066
"9761",30069
"9762",30070
"9763",30071
"9764",30072
"9765",30073
"9766",30074
"9767",30075
"9768",30076
"9769",30077
"9770",30078
"9771",30079
"9772",30080
"9773",30081
"9774",30082
"9775",30083
"9776",30084
"9777",30085
"9778",30086
"9784",30092
"9788",30096
"9789",30097
"9790",30098
"9791",30099
"9792",30100
"9793",30101
"9794",30102
"9795",30103
"9797",30105
"9798",30106
"9799",30107
"9800",30108
"9801",30109
"9802",30110
"9803",30111
"9804",30112
"9901",30322
"9902",30323
"9910",30331
"9911",30332
"9912",30333
"9913",30334
"9914",30335
"9915",30336
"9916",30337
"9917",30338
"9918",30339
"10018",30439
"10019",30440
"10020",30441
"10021",30442
"10022",30443
"10023",30444
"10024",30445
"10025",30446
"10026",30447
"10027",30448
"10028",30449
"10029",30450
"10030",30451
"10031",30452
"10032",30453
"10033",30454
"10034",30455
"10035",30456
"10036",30457
"10037",30458
"10038",30459
"10039",30460
"10040",30461
"10041",30462
"10042",30463
"10043",30464
"10044",30465
"10045",30466
"10046",30467
"10047",30468
"10048",30469
"10049",30470
"10050",30471
"10051",30472
"10052",30473
"10053",30474
"10054",30475
"10055",30476
"10056",30477
"10057",30478
"10058",30479
"10059",30480
"10060",30481
"10061",30482
"10062",30483
"10063",30484
"10064",30485
"10065",30486
"10066",30487
"10067",30488
"10068",30489
"10069",30490
"10070",30491
"10071",30492
"10072",30493
"10073",30494
"10074",30495
"10076",30497
"10077",30498
"10081",30502
"10082",30503
"10083",30504
"10084",30505
"10085",30506
"10086",30507
"10087",30508
"10088",30509
"10089",30510
"10090",30511
"10091",30512
"10092",30513
"10093",30514
"10094",30515
"10095",30516
"10096",30517
"10097",30518
"10102",30523
"10117",30538
"10118",30539
"10119",30540
"10120",30541
"10122",30543
"10222",30756
"10230",30764
"10231",30765
"10232",30766
"10233",30767
"10234",30768
"10336",30870
"10337",30871
"10338",30872
"10339",30873
"10340",30874
"10341",30875
"10342",30876
"10343",30877
"10344",30878
"10345",30879
"10346",30880
"10347",30881
"10348",30882
"10349",30883
"10350",30884
"10351",30885
"10352",30886
"10353",30887
"10354",30888
"10355",30889
"10356",30890
"10357",30891
"10358",30892
"10359",30893
"10360",30894
"10361",30895
"10362",30896
"10363",30897
"10364",30898
"10365",30899
"10366",30900
"10367",30901
"10368",30902
"10369",30903
"10370",30904
"10371",30905
"10372",30906
"10373",30907
"10374",30908
"10375",30909
"10376",30910
"10377",30911
"10378",30912
"10379",30913
"10380",30914
"10381",30915
"10382",30916
"10383",30917
"10384",30918
"10385",30919
"10386",30920
"10387",30921
"10388",30922
"10389",30923
"10390",30924
"10391",30925
"10392",30926
"10393",30927
"10395",30929
"10396",30930
"10397",30931
"10401",30935
"10402",30936
"10403",30937
"10404",30938
"10405",30939
"10406",30940
"10407",30941
"10408",30942
"10409",30943
"10410",30944
"10411",30945
"10412",30946
"10413",30947
"10414",30948
"10415",30949
"10416",30950
"10417",30951
"10418",30952
"10419",30953
"10420",30954
"10421",30955
"10422",30956
"10423",30957
"10437",30971
"10438",30972
"10441",30975
"10550",31197
"10551",31198
"10552",31199
"10553",31200
"10655",31302
"10656",31303
"10657",31304
"10658",31305
"10659",31306
"10660",31307
"10661",31308
"10662",31309
"10663",31310
"10664",31311
"10665",31312
"10666",31313
"10667",31314
"10668",31315
"10669",31316
"10670",31317
"10671",31318
"10672",31319
"10673",31320
"10674",31321
"10675",31322
"10676",31323
"10677",31324
"10678",31325
"10679",31326
"10680",31327
"10681",31328
"10682",31329
"10683",31330
"10684",31331
"10685",31332
"10686",31333
"10687",31334
"10688",31335
"10689",31336
"10690",31337
"10691",31338
"10692",31339
"10693",31340
"10694",31341
"10695",31342
"10696",31343
"10697",31344
"10698",31345
"10699",31346
"10700",31347
"10701",31348
"10702",31349
"10703",31350
"10704",31351
"10705",31352
"10706",31353
"10707",31354
"10708",31355
"10709",31356
"10710",31357
"10711",31358
"10712",31359
"10713",31360
"10714",31361
"10715",31362
"10716",31363
"10721",31368
"10722",31369
"10723",31370
"10724",31371
"10725",31372
"10726",31373
"10727",31374
"10728",31375
"10729",31376
"10730",31377
"10731",31378
"10732",31379
"10733",31380
"10734",31381
"10735",31382
"10736",31383
"10737",31384
"10738",31385
"10739",31386
"10740",31387
"10741",31388
"10744",31391
"10757",31404
"10759",31406
"10760",31407
"10869",31629
"10870",31630
"10872",31632
"10873",31633
"10973",31733
"10974",31734
"10975",31735
"10976",31736
"10977",31737
"10978",31738
"10979",31739
"10980",31740
"10981",31741
"10982",31742
"10983",31743
"10984",31744
"10985",31745
"10986",31746
"10987",31747
"10988",31748
"10989",31749
"10990",31750
"10991",31751
"10992",31752
"10993",31753
"10994",31754
"10995",31755
"10996",31756
"10997",31757
"10998",31758
"10999",31759
"11000",31760
"11001",31761
"11002",31762
"11003",31763
"11004",31764
"11005",31765
"11006",31766
"11007",31767
"11008",31768
"11009",31769
"11010",31770
"11011",31771
"11012",31772
"11013",31773
"11014",31774
"11015",31775
"11016",31776
"11017",31777
"11018",31778
"11019",31779
"11020",31780
"11021",31781
"11022",31782
"11023",31783
"11024",31784
"11025",31785
"11026",31786
"11027",31787
"11028",31788
"11029",31789
"11030",31790
"11031",31791
"11032",31792
"11033",31793
"11034",31794
"11035",31795
"11036",31796
"11040",31800
"11041",31801
"11042",31802
"11043",31803
"11044",31804
"11045",31805
"11046",31806
"11047",31807
"11048",31808
"11049",31809
"11050",31810
"11051",31811
"11052",31812
"11053",31813
"11054",31814
"11055",31815
"11056",31816
"11057",31817
"11058",31818
"11059",31819
"11060",31820
"11061",31821
"11062",31822
"11063",31823
"11064",31824
"11076",31836
"11077",31837
"11078",31838
"11079",31839
"11189",32062
"11191",32064
"11292",32165
"11293",32166
"11294",32167
"11295",32168
"11296",32169
"11297",32170
"11298",32171
"11299",32172
"11300",32173
"11301",32174
"11302",32175
"11303",32176
"11304",32177
"11305",32178
"11306",32179
"11307",32180
"11308",32181
"11309",32182
"11310",32183
"11311",32184
"11312",32185
"11313",32186
"11314",32187
"11315",32188
"11316",32189
"11317",32190
"11318",32191
"11319",32192
"11320",32193
"11321",32194
"11322",32195
"11323",32196
"11324",32197
"11325",32198
"11326",32199
"11327",32200
"11328",32201
"11329",32202
"11330",32203
"11331",32204
"11332",32205
"11333",32206
"11334",32207
"11335",32208
"11336",32209
"11337",32210
"11338",32211
"11339",32212
"11340",32213
"11341",32214
"11342",32215
"11343",32216
"11344",32217
"11345",32218
"11346",32219
"11347",32220
"11348",32221
"11349",32222
"11350",32223
"11351",32224
"11352",32225
"11353",32226
"11354",32227
"11355",32228
"11356",32229
"11359",32232
"11360",32233
"11361",32234
"11362",32235
"11363",32236
"11364",32237
"11365",32238
"11366",32239
"11367",32240
"11368",32241
"11369",32242
"11370",32243
"11371",32244
"11372",32245
"11373",32246
"11374",32247
"11375",32248
"11376",32249
"11377",32250
"11378",32251
"11379",32252
"11380",32253
"11381",32254
"11382",32255
"11396",32269
"11397",32270
"11401",32274
"11510",32496
"11611",32597
"11612",32598
"11613",32599
"11614",32600
"11615",32601
"11616",32602
"11617",32603
"11618",32604
"11619",32605
"11620",32606
"11621",32607
"11622",32608
"11623",32609
"11624",32610
"11625",32611
"11626",32612
"11627",32613
"11628",32614
"11629",32615
"11630",32616
"11631",32617
"11632",32618
"11633",32619
"11634",32620
"11635",32621
"11636",32622
"11637",32623
"11638",32624
"11639",32625
"11640",32626
"11641",32627
"11642",32628
"11643",32629
"11644",32630
"11645",32631
"11646",32632
"11647",32633
"11648",32634
"11649",32635
"11650",32636
"11651",32637
"11652",32638
"11653",32639
"11654",32640
"11655",32641
"11656",32642
"11657",32643
"11658",32644
"11659",32645
"11660",32646
"11661",32647
"11662",32648
"11663",32649
"11664",32650
"11665",32651
"11666",32652
"11667",32653
"11668",32654
"11669",32655
"11670",32656
"11671",32657
"11672",32658
"11673",32659
"11674",32660
"11675",32661
"11679",32665
"11680",32666
"11681",32667
"11682",32668
"11683",32669
"11684",32670
"11685",32671
"11686",32672
"11687",32673
"11688",32674
"11689",32675
"11690",32676
"11691",32677
"11692",32678
"11693",32679
"11694",32680
"11695",32681
"11696",32682
"11697",32683
"11698",32684
"11699",32685
"11700",32686
"11701",32687
"11930",33029
"11931",33030
"11932",33031
"11936",33035
"11937",33036
"11938",33037
"11939",33038
"11940",33039
"11941",33040
"11942",33041
"11943",33042
"11944",33043
"11945",33044
"11946",33045
"11947",33046
"11948",33047
"11949",33048
"11950",33049
"11951",33050
"11952",33051
"11953",33052
"11954",33053
"11955",33054
"11956",33055
"11957",33056
"11958",33057
"11959",33058
"11960",33059
"11961",33060
"11962",33061
"11963",33062
"11964",33063
"11965",33064
"11966",33065
"11967",33066
"11968",33067
"11969",33068
"11970",33069
"11971",33070
"11972",33071
"11973",33072
"11974",33073
"11975",33074
"11976",33075
"11977",33076
"11978",33077
"11979",33078
"11980",33079
"11981",33080
"11982",33081
"11983",33082
"11984",33083
"11985",33084
"11986",33085
"11987",33086
"11988",33087
"11989",33088
"11990",33089
"11991",33090
"11992",33091
"11993",33092
"11999",33098
"12000",33099
"12001",33100
"12002",33101
"12003",33102
"12004",33103
"12005",33104
"12006",33105
"12007",33106
"12008",33107
"12009",33108
"12010",33109
"12011",33110
"12012",33111
"12013",33112
"12014",33113
"12015",33114
"12016",33115
"12017",33116
"12018",33117
"12039",33138
"12040",33139
"12041",33140
"12151",33363
"12250",33462
"12256",33468
"12257",33469
"12258",33470
"12259",33471
"12260",33472
"12261",33473
"12262",33474
"12263",33475
"12264",33476
"12265",33477
"12266",33478
"12267",33479
"12268",33480
"12269",33481
"12270",33482
"12271",33483
"12272",33484
"12273",33485
"12274",33486
"12275",33487
"12276",33488
"12277",33489
"12279",33491
"12281",33493
"12282",33494
"12283",33495
"12284",33496
"12285",33497
"12286",33498
"12287",33499
"12288",33500
"12289",33501
"12290",33502
"12291",33503
"12292",33504
"12293",33505
"12294",33506
"12295",33507
"12296",33508
"12297",33509
"12298",33510
"12299",33511
"12300",33512
"12301",33513
"12302",33514
"12303",33515
"12304",33516
"12305",33517
"12306",33518
"12307",33519
"12308",33520
"12309",33521
"12310",33522
"12318",33530
"12319",33531
"12320",33532
"12321",33533
"12322",33534
"12323",33535
"12324",33536
"12325",33537
"12326",33538
"12327",33539
"12328",33540
"12329",33541
"12330",33542
"12331",33543
"12332",33544
"12333",33545
"12334",33546
"12335",33547
"12336",33548
"12358",33570
"12359",33571
"12360",33572
"12577",33902
"12578",33903
"12579",33904
"12580",33905
"12581",33906
"12582",33907
"12583",33908
"12584",33909
"12592",33917
"12593",33918
"12594",33919
"12595",33920
"12596",33921
"12598",33923
"12600",33925
"12601",33926
"12602",33927
"12603",33928
"12604",33929
"12605",33930
"12606",33931
"12607",33932
"12608",33933
"12609",33934
"12610",33935
"12611",33936
"12612",33937
"12613",33938
"12614",33939
"12615",33940
"12616",33941
"12617",33942
"12618",33943
"12619",33944
"12620",33945
"12621",33946
"12622",33947
"12623",33948
"12624",33949
"12625",33950
"12626",33951
"12627",33952
"12628",33953
"12638",33963
"12639",33964
"12640",33965
"12641",33966
"12642",33967
"12643",33968
"12644",33969
"12645",33970
"12646",33971
"12647",33972
"12648",33973
"12649",33974
"12650",33975
"12651",33976
"12652",33977
"12653",33978
"12654",33979
"12677",34002
"12678",34003
"12679",34004
"12680",34005
"12919",34357
"12920",34358
"12921",34359
"12922",34360
"12923",34361
"12924",34362
"12925",34363
"12926",34364
"12927",34365
"12928",34366
"12929",34367
"12930",34368
"12931",34369
"12933",34371
"12934",34372
"12937",34375
"12938",34376
"12939",34377
"12940",34378
"12941",34379
"12942",34380
"12943",34381
"12953",34391
"12958",34396
"12959",34397
"12960",34398
"12961",34399
"12962",34400
"12963",34401
"12964",34402
"12965",34403
"12966",34404
"12967",34405
"12968",34406
"12969",34407
"12970",34408
"12971",34409
"12972",34410
"12996",34434
"12997",34435
"12998",34436
"12999",34437
"13238",34789
"13239",34790
"13240",34791
"13241",34792
"13242",34793
"13243",34794
"13244",34795
"13245",34796
"13246",34797
"13247",34798
"13248",34799
"13253",34804
"13256",34807
"13257",34808
"13258",34809
"13259",34810
"13260",34811
"13277",34828
"13278",34829
"13279",34830
"13280",34831
"13281",34832
"13282",34833
"13283",34834
"13284",34835
"13285",34836
"13286",34837
"13287",34838
"13288",34839
"13315",34866
"13316",34867
"13317",34868
"13318",34869
"13319",34870
"13322",34873
"13592",35256
"13596",35260
"13597",35261
"13598",35262
"13599",35263
"13600",35264
"13601",35265
"13602",35266
"13603",35267
"13604",35268
"13605",35269
"13606",35270
"13635",35299
"13636",35300
"13637",35301
"13640",35304
"13912",35689
"13916",35693
"13917",35694
"13918",35695
"13919",35696
"13920",35697
"13921",35698
"13922",35699
"13954",35731
"13955",35732
"13956",35733
"13957",35734
"13959",35736
"14231",36121
"14232",36122
"14235",36125
"14236",36126
"14237",36127
"14238",36128
"14239",36129
"14274",36164
"14275",36165
"14276",36166
"14277",36167
"14278",36168
"14550",36553
"14551",36554
"14552",36555
"14554",36557
"14555",36558
"14596",36599
"14734",36850
"14735",36851
"14870",36986
"14871",36987
"14872",36988
"14916",37032
"15052",37281
"15053",37282
"15055",37284
"15189",37418
"15190",37419
"15191",37420
"15198",37427
"15199",37428
"15200",37429
"15375",37717
"15377",37719
"15382",37724
"15511",37853
"15513",37855
"15514",37856
"15515",37857
"15519",37861
"15553",37895
"15687",38142
"15696",38151
"15697",38152
"15698",38153
"15699",38154
"15700",38155
"15831",38286
"15838",38293
"15872",38327
"15874",38329
"16018",38586
"16190",38758
"17112",40019
"17735",40868
"17749",40882
"18055",41301
"18056",41302
"18067",41313
"18373",41732
"18375",41734
"18376",41735
"18385",41744
"18692",42164
"18694",42166
"18696",42168
"18703",42175
"19014",42599
"19015",42600
"19334",43032
"19816",43740
"20832",45095
"20833",45096
"20835",45098
"21151",45527
"21152",45528
"21153",45529
"21154",45530
"21155",45531
"21468",45957
"21469",45958
"21470",45959
"21471",45960
"21472",45961
"21473",45962
"21474",45963
"21475",45964
"21476",45965
"21742",46344
"21789",46391
"21790",46392
"21791",46393
"21792",46394
"21793",46395
"21794",46396
"21795",46397
"21796",46398
"22062",46777
"22107",46822
"22108",46823
"22109",46824
"22110",46825
"22111",46826
"22112",46827
"22113",46828
"22114",46829
"22115",46830
"22382",47210
"22425",47253
"22426",47254
"22427",47255
"22428",47256
"22429",47257
"22430",47258
"22431",47259
"22432",47260
"22701",47642
"22702",47643
"22745",47686
"22746",47687
"22747",47688
"22748",47689
"22749",47690
"22750",47691
"22751",47692
"23021",48075
"23062",48116
"23063",48117
"23064",48118
"23065",48119
"23066",48120
"23067",48121
"23068",48122
"23069",48123
"23070",48124
"23340",48507
"23383",48550
"23384",48551
"23385",48552
"23386",48553
"23387",48554
"23388",48555
"23389",48556
"23660",48940
"23701",48981
"23702",48982
"23703",48983
"23705",48985
"23706",48986
"23707",48987
"23979",49372
"23980",49373
"24020",49413
"24024",49417
"24299",49805
"24339",49845
"24340",49846
"24341",49847
"24342",49848
"24619",50238
"24658",50277
"24659",50278
"24660",50279
"24661",50280
"24725",50344
"24938",50670
"24939",50671
"24978",50710
"24979",50711
"25044",50776
"25258",51103
"25259",51104
"25362",51207
"25363",51208
"25579",51537
"25580",51538
"25681",51639
"25682",51640
"25900",51971
"26000",52071
"26001",52072
"26002",52073
"26220",52404
"26319",52503
"26320",52504
"26321",52505
"26540",52837
"26639",52936
"26640",52937
"26641",52938
"26778",53075
"26779",53076
"26780",53077
"26781",53078
"26782",53079
"26783",53080
"26784",53081
"26859",53269
"26958",53368
"26959",53369
"26960",53370
"26964",53374
"27089",53499
"27090",53500
"27091",53501
"27092",53502
"27093",53503
"27094",53504
"27095",53505
"27096",53506
"27097",53507
"27098",53508
"27099",53509
"27100",53510
"27101",53511
"27102",53512
"27103",53513
"27104",53514
"27105",53515
"27106",53516
"27178",53701
"27278",53801
"27279",53802
"27280",53803
"27282",53805
"27315",53838
"27404",53927
"27405",53928
"27406",53929
"27407",53930
"27408",53931
"27409",53932
"27410",53933
"27411",53934
"27412",53935
"27413",53936
"27414",53937
"27415",53938
"27416",53939
"27417",53940
"27418",53941
"27419",53942
"27420",53943
"27421",53944
"27422",53945
"27423",53946
"27424",53947
"27425",53948
"27426",53949
"27497",54133
"27597",54233
"27598",54234
"27599",54235
"27600",54236
"27601",54237
"27602",54238
"27603",54239
"27634",54270
"27720",54356
"27721",54357
"27722",54358
"27723",54359
"27724",54360
"27725",54361
"27726",54362
"27727",54363
"27728",54364
"27729",54365
"27730",54366
"27731",54367
"27732",54368
"27733",54369
"27734",54370
"27735",54371
"27736",54372
"27737",54373
"27738",54374
"27739",54375
"27740",54376
"27741",54377
"27742",54378
"27743",54379
"27744",54380
"27816",54565
"27917",54666
"27918",54667
"27919",54668
"27920",54669
"27921",54670
"27922",54671
"27923",54672
"27924",54673
"27925",54674
"27926",54675
"27928",54677
"27952",54701
"27953",54702
"27954",54703
"28037",54786
"28038",54787
"28039",54788
"28040",54789
"28041",54790
"28042",54791
"28043",54792
"28044",54793
"28045",54794
"28046",54795
"28047",54796
"28048",54797
"28049",54798
"28050",54799
"28051",54800
"28052",54801
"28053",54802
"28054",54803
"28055",54804
"28056",54805
"28057",54806
"28058",54807
"28059",54808
"28060",54809
"28061",54810
"28062",54811
"28063",54812
"28064",54813
"28135",54997
"28136",54998
"28236",55098
"28237",55099
"28238",55100
"28239",55101
"28240",55102
"28241",55103
"28242",55104
"28243",55105
"28244",55106
"28245",55107
"28246",55108
"28247",55109
"28271",55133
"28272",55134
"28273",55135
"28356",55218
"28357",55219
"28358",55220
"28359",55221
"28360",55222
"28361",55223
"28362",55224
"28363",55225
"28364",55226
"28365",55227
"28366",55228
"28367",55229
"28368",55230
"28369",55231
"28370",55232
"28371",55233
"28372",55234
"28373",55235
"28374",55236
"28375",55237
"28376",55238
"28377",55239
"28378",55240
"28379",55241
"28380",55242
"28381",55243
"28382",55244
"28383",55245
"28384",55246
"28385",55247
"28390",55252
"28454",55429
"28555",55530
"28556",55531
"28557",55532
"28558",55533
"28559",55534
"28560",55535
"28561",55536
"28562",55537
"28563",55538
"28564",55539
"28565",55540
"28566",55541
"28567",55542
"28590",55565
"28591",55566
"28592",55567
"28674",55649
"28675",55650
"28676",55651
"28677",55652
"28678",55653
"28679",55654
"28680",55655
"28681",55656
"28682",55657
"28683",55658
"28684",55659
"28685",55660
"28686",55661
"28687",55662
"28688",55663
"28689",55664
"28690",55665
"28691",55666
"28692",55667
"28693",55668
"28694",55669
"28695",55670
"28696",55671
"28697",55672
"28698",55673
"28699",55674
"28700",55675
"28701",55676
"28702",55677
"28703",55678
"28704",55679
"28705",55680
"28707",55682
"28708",55683
"28709",55684
"28773",55861
"28875",55963
"28876",55964
"28877",55965
"28878",55966
"28879",55967
"28880",55968
"28881",55969
"28882",55970
"28883",55971
"28884",55972
"28885",55973
"28886",55974
"28910",55998
"28911",55999
"28912",56000
"28993",56081
"28994",56082
"28995",56083
"28996",56084
"28997",56085
"28998",56086
"28999",56087
"29000",56088
"29001",56089
"29002",56090
"29003",56091
"29004",56092
"29005",56093
"29006",56094
"29007",56095
"29008",56096
"29009",56097
"29010",56098
"29011",56099
"29012",56100
"29013",56101
"29014",56102
"29015",56103
"29016",56104
"29017",56105
"29018",56106
"29019",56107
"29020",56108
"29021",56109
"29022",56110
"29023",56111
"29024",56112
"29026",56114
"29027",56115
"29028",56116
"29092",56293
"29194",56395
"29195",56396
"29196",56397
"29197",56398
"29198",56399
"29199",56400
"29200",56401
"29201",56402
"29202",56403
"29203",56404
"29204",56405
"29205",56406
"29206",56407
"29230",56431
"29313",56514
"29314",56515
"29315",56516
"29316",56517
"29317",56518
"29318",56519
"29319",56520
"29320",56521
"29321",56522
"29322",56523
"29323",56524
"29324",56525
"29325",56526
"29326",56527
"29327",56528
"29328",56529
"29329",56530
"29330",56531
"29331",56532
"29332",56533
"29333",56534
"29334",56535
"29335",56536
"29336",56537
"29337",56538
"29338",56539
"29339",56540
"29340",56541
"29341",56542
"29342",56543
"29343",56544
"29344",56545
"29345",56546
"29346",56547
"29347",56548
"29513",56827
"29514",56828
"29515",56829
"29516",56830
"29517",56831
"29518",56832
"29519",56833
"29520",56834
"29521",56835
"29522",56836
"29523",56837
"29524",56838
"29632",56946
"29633",56947
"29634",56948
"29635",56949
"29636",56950
"29637",56951
"29638",56952
"29639",56953
"29640",56954
"29641",56955
"29642",56956
"29643",56957
"29644",56958
"29645",56959
"29646",56960
"29647",56961
"29648",56962
"29649",56963
"29650",56964
"29651",56965
"29652",56966
"29653",56967
"29654",56968
"29655",56969
"29656",56970
"29657",56971
"29658",56972
"29659",56973
"29660",56974
"29661",56975
"29662",56976
"29663",56977
"29664",56978
"29665",56979
"29832",57259
"29833",57260
"29834",57261
"29835",57262
"29836",57263
"29837",57264
"29838",57265
"29839",57266
"29840",57267
"29841",57268
"29842",57269
"29843",57270
"29844",57271
"29952",57379
"29953",57380
"29954",57381
"29955",57382
"29956",57383
"29957",57384
"29958",57385
"29959",57386
"29960",57387
"29961",57388
"29962",57389
"29963",57390
"29964",57391
"29965",57392
"29966",57393
"29967",57394
"29968",57395
"29969",57396
"29970",57397
"29971",57398
"29972",57399
"29973",57400
"29974",57401
"29975",57402
"29976",57403
"29977",57404
"29978",57405
"29979",57406
"29980",57407
"29981",57408
"29982",57409
"29983",57410
"29984",57411
"29985",57412
"30152",57692
"30153",57693
"30154",57694
"30155",57695
"30156",57696
"30157",57697
"30158",57698
"30159",57699
"30160",57700
"30161",57701
"30162",57702
"30163",57703
"30273",57813
"30274",57814
"30275",57815
"30276",57816
"30277",57817
"30278",57818
"30279",57819
"30280",57820
"30281",57821
"30282",57822
"30283",57823
"30284",57824
"30285",57825
"30286",57826
"30287",57827
"30288",57828
"30289",57829
"30290",57830
"30291",57831
"30292",57832
"30293",57833
"30294",57834
"30295",57835
"30296",57836
"30297",57837
"30298",57838
"30299",57839
"30300",57840
"30301",57841
"30302",57842
"30303",57843
"30304",57844
"30305",57845
"30472",58125
"30473",58126
"30474",58127
"30475",58128
"30476",58129
"30477",58130
"30478",58131
"30479",58132
"30480",58133
"30481",58134
"30482",58135
"30593",58246
"30594",58247
"30595",58248
"30596",58249
"30597",58250
"30598",58251
"30599",58252
"30600",58253
"30601",58254
"30602",58255
"30603",58256
"30604",58257
"30605",58258
"30606",58259
"30607",58260
"30608",58261
"30609",58262
"30610",58263
"30611",58264
"30612",58265
"30613",58266
"30614",58267
"30615",58268
"30616",58269
"30617",58270
"30618",58271
"30619",58272
"30620",58273
"30621",58274
"30622",58275
"30623",58276
"30624",58277
"30791",58557
"30792",58558
"30793",58559
"30794",58560
"30795",58561
"30796",58562
"30797",58563
"30798",58564
"30799",58565
"30800",58566
"30801",58567
"30914",58680
"30915",58681
"30916",58682
"30917",58683
"30918",58684
"30919",58685
"30920",58686
"30921",58687
"30922",58688
"30923",58689
"30924",58690
"30925",58691
"30926",58692
"30927",58693
"30928",58694
"30929",58695
"30930",58696
"30931",58697
"30932",58698
"30933",58699
"30934",58700
"30935",58701
"30936",58702
"30937",58703
"30938",58704
"30939",58705
"30940",58706
"30941",58707
"30942",58708
"31111",58990
"31112",58991
"31113",58992
"31114",58993
"31115",58994
"31116",58995
"31117",58996
"31118",58997
"31119",58998
"31120",58999
"31121",59000
"31236",59115
"31237",59116
"31238",59117
"31239",59118
"31240",59119
"31241",59120
"31242",59121
"31243",59122
"31244",59123
"31245",59124
"31246",59125
"31247",59126
"31248",59127
"31249",59128
"31250",59129
"31251",59130
"31252",59131
"31253",59132
"31254",59133
"31255",59134
"31256",59135
"31257",59136
"31258",59137
"31259",59138
"31260",59139
"31430",59422
"31431",59423
"31432",59424
"31433",59425
"31434",59426
"31435",59427
"31436",59428
"31437",59429
"31438",59430
"31558",59550
"31559",59551
"31560",59552
"31561",59553
"31562",59554
"31563",59555
"31564",59556
"31565",59557
"31566",59558
"31567",59559
"31568",59560
"31569",59561
"31570",59562
"31571",59563
"31572",59564
"31573",59565
"31574",59566
"31575",59567
"31576",59568
"31577",59569
"31578",59570
"31579",59571
"31580",59572
"31751",59856
"31752",59857
"31753",59858
"31754",59859
"31755",59860
"31757",59862
"31758",59863
"31877",59982
"31878",59983
"31889",59994
"31890",59995
"31891",59996
"31892",59997
"31893",59998
"31894",59999
"31895",60000
"31896",60001
"31897",60002
"31898",60003
"32072",60290
"32073",60291
"32074",60292
"32075",60293
"32077",60295
"32211",60429
"32214",60432
"32215",60433
"32389",60720
"32391",60722
"32533",60864
